Prompt,Response,Latency,Word_Count,Char_Count,Quality_Score,Hallucination_Score,Hallucination_Risk,Response_Rating
what is quantum computing,"Quantum Computing is a new paradigm for computing that uses the principles of quantum mechanics to perform calculations and operations on data. It's a rapidly developing field that has the potential to revolutionize many areas of science, technology, engineering, and mathematics (STEM).

**Classical vs Quantum Computing**

In classical computers, information is stored and processed using bits, which can have a value of either 0 or 1. The processing power of these computers is based on the number of transistors that can be turned on or off.

Quantum computers, on the other hand, use quantum bits or qubits, which can exist in multiple states simultaneously (superposition) and are also connected in such a way that their properties are correlated (entanglement). This allows quantum computers to process vast amounts of information in parallel, making them potentially much faster than classical computers for certain types of calculations.

**Key Principles**

Quantum Computing is based on several key principles:

1. **Superposition**: Qubits can exist in multiple states simultaneously, which allows them to process multiple possibilities at the same time.
2. **Entanglement**: Qubits are connected in such a way that their properties are correlated, even when separated by large distances.
3. **Quantum Measurement**: When a qubit is measured, its state collapses to one of the possible outcomes.
4. **Quantum Gates**: Quantum gates are the quantum equivalent of logic gates in classical computing and are used to manipulate qubits.

**Applications**

Quantum Computing has the potential to revolutionize many areas, including:

1. **Cryptography**: Quantum computers can potentially break certain encryption algorithms, but they also enable new types of secure communication.
2. **Optimization**: Quantum computers can efficiently solve complex optimization problems, which could lead to breakthroughs in fields like logistics and finance.
3. **Simulation**: Quantum computers can simulate the behavior of molecules and other systems, which could lead to breakthroughs in fields like chemistry and materials science.
4. **Machine Learning**: Quantum computers can be used to speed up certain machine learning algorithms, which could lead to breakthroughs in areas like image recognition and natural language processing.

**Challenges**

While quantum computing holds great promise, it's still a developing field with many challenges, including:

1. **Error Correction**: Quantum computers are prone to errors due to the fragile nature of qubits.
2. **Scalability**: Currently, most quantum computers are small-scale and need to be scaled up to perform practical calculations.
3. **Quantum Control**: Maintaining control over qubits is crucial for reliable computation.

**Current State**

The current state of quantum computing is exciting, with many companies like Google, IBM, Microsoft, and Rigetti Computing developing their own quantum computers. Researchers are making rapid progress in quantum algorithms, software development, and hardware advancements.

However, we're still in the early stages of quantum computing, and much work needs to be done to overcome the challenges mentioned above.

**Conclusion**

Quantum Computing is a rapidly evolving field that has the potential to revolutionize many areas of science, technology, engineering, and mathematics. While it's still in its early stages, researchers are making rapid progress, and we can expect significant advancements in the coming years.",19.33,504,3521,72.7,72.7,Medium,Average ⭐⭐⭐
what is machine learning,"Machine learning (ML) is a subset of artificial intelligence (AI) that involves training algorithms to make predictions or decisions based on data. It's a type of automation where computers can learn from data and improve their performance over time, without being explicitly programmed.

In traditional programming, an algorithm is written to perform a specific task. However, in machine learning, the algorithm is trained on data, which allows it to adapt and learn from experience. This enables machines to improve their performance, accuracy, and decision-making capabilities.

Machine learning involves several types of algorithms, including:

1. **Supervised Learning**: The algorithm learns from labeled data, where each example has a target output.
2. **Unsupervised Learning**: The algorithm discovers patterns in unlabeled data.
3. **Reinforcement Learning**: The algorithm learns through trial and error by interacting with an environment.

Machine learning has numerous applications across industries, including:

1. **Image recognition**: Facial recognition, object detection, and image classification.
2. **Natural Language Processing (NLP)**: Sentiment analysis, language translation, and text summarization.
3. **Speech Recognition**: Voice assistants, speech-to-text systems, and voice-controlled devices.
4. **Predictive Maintenance**: Predicting equipment failure or maintenance needs based on historical data.
5. **Recommendation Systems**: Personalized product recommendations based on user behavior.

The benefits of machine learning include:

1. **Improved Accuracy**: Machine learning algorithms can achieve high accuracy in predictions and decisions.
2. **Increased Efficiency**: Automation and optimization of processes, leading to increased productivity.
3. **Scalability**: Handling large amounts of data and scaling up to meet growing demands.
4. **Personalization**: Tailoring experiences to individual users based on behavior and preferences.

However, machine learning also presents challenges, such as:

1. **Data Quality**: High-quality training data is essential for accurate predictions.
2. **Bias and Fairness**: Ensuring that algorithms are fair and unbiased towards different groups.
3. **Explainability**: Understanding how machine learning models make decisions and predicting outcomes.

Overall, machine learning has revolutionized various industries by enabling machines to learn from data and improve their performance over time.",11.69,320,2473,78.34,78.34,Medium,Good ⭐⭐⭐⭐
